{"cameraMode":{"drawMode":0,"name":"Shaded","section":"Shading Mode"},"sceneLighting":true,"audioPlay":false,"sceneViewState":{"showFog":true,"showMaterialUpdate":false,"showSkybox":true,"showFlares":true,"showImageEffects":true,"showParticleSystems":true},"in2DMode":false,"pivot":{"x":-1.6166012287139893,"y":4.635663986206055,"z":-7.33519172668457},"rotation":{"x":-0.4187139868736267,"y":-0.007662749383598566,"z":0.0033670959528535606,"w":-0.9081831574440002},"size":7.7644572257995609,"orthographic":false}